SELECT pgroonga_escape(29.2929::float4);
  pgroonga_escape  
-------------------
 29.29290008544922
(1 row)

SELECT pgroonga_escape(-29.2929::float4);
  pgroonga_escape   
--------------------
 -29.29290008544922
(1 row)

