SELECT pgroonga_escape(29::int2);
 pgroonga_escape 
-----------------
 29
(1 row)

SELECT pgroonga_escape(-29::int2);
 pgroonga_escape 
-----------------
 -29
(1 row)

